Basildon and Billericay,6898,C,11608,L,2008,LD,937,Ind,612,UKIP,1521,G
Bedford,6643,C,5276,L,2049,LD,266,Ind,2531,UKIP,2671,G
Braintree,13146,C,2543,L,1600,LD,851,Ind,1141,UKIP,1062,G
Brentwood and Ongar,12763,C,6989,L,1188,LD,208,Ind,2475,UKIP,3351,G
Broadland,1335,C,6236,L,2848,LD,63,Ind,1309,UKIP,2883,G
Broxbourne,12676,C,5614,L,1796,LD,601,Ind,3408,UKIP,1181,G
Bury St Edmunds,4494,C,12503,L,2953,LD,833,Ind,1079,UKIP,1299,G
Cambridge,9789,C,8708,L,410,LD,158,Ind,2054,UKIP,3416,G
Castle Point,1486,C,1177,L,949,LD,682,Ind,727,UKIP,393,G
Central Suffolk and North Ipswich,2759,C,10795,L,37,LD,924,Ind,3019,UKIP,1221,G
Chelmsford,13118,C,5253,L,1161,LD,303,Ind,1239,UKIP,2533,G
Clacton,14015,C,3856,L,1703,LD,432,Ind,2070,UKIP,2195,G
Colchester,2572,C,9788,L,1326,LD,676,Ind,1298,UKIP,2259,G
Epping Forest,8906,C,3531,L,1869,LD,506,Ind,2639,UKIP,1758,G
Great Yarmouth,3838,C,121,L,1062,LD,206,Ind,396,UKIP,1806,G
Harlow,4527,C,12586,L,2211,LD,292,Ind,3115,UKIP,3178,G
Harwich and North Essex,102,C,10853,L,124,LD,15,Ind,2709,UKIP,2931,G
Hemel Hempstead,9844,C,5363,L,2845,LD,260,Ind,1494,UKIP,2621,G
Hertford and Stortford,5638,C,1607,L,2998,LD,852,Ind,1300,UKIP,577,G
Hertsmere,5663,C,4615,L,2763,LD,481,Ind,2873,UKIP,901,G
Hitchin and Harpenden,9810,C,7965,L,156,LD,531,Ind,575,UKIP,3385,G
Huntingdon,14690,C,9363,L,14,LD,875,Ind,2896,UKIP,3392,G
Ipswich,5448,C,10686,L,1036,LD,895,Ind,2005,UKIP,2755,G
Luton North,8428,C,3554,L,988,LD,39,Ind,2835,UKIP,642,G
Luton South,5361,C,9176,L,2343,LD,443,Ind,2627,UKIP,1648,G
Maldon,2321,C,10790,L,1433,LD,853,Ind,719,UKIP,661,G
Mid Bedfordshire,11531,C,2224,L,2279,LD,190,Ind,2779,UKIP,2983,G
Mid Norfolk,4099,C,269,L,2361,LD,324,Ind,83,UKIP,274,G
North East Bedfordshire,690,C,8107,L,1503,LD,675,Ind,2272,UKIP,2968,G
North East Cambridgeshire,6152,C,11,L,1146,LD,524,Ind,769,UKIP,2463,G
North East Hertfordshire,10263,C,7798,L,1566,LD,676,Ind,961,UKIP,3333,G
North Norfolk,9421,C,11203,L,2367,LD,608,Ind,1270,UKIP,2366,G
North West Cambridgeshire,11831,C,3634,L,1055,LD,34,Ind,270,UKIP,2278,G
North West Norfolk,12355,C,11370,L,1998,LD,9,Ind,747,UKIP,2090,G
Norwich North,5132,C,7211,L,1219,LD,210,Ind,2827,UKIP,988,G
Norwich South,13828,C,1925,L,2610,LD,140,Ind,1973,UKIP,2892,G
Peterborough,2824,C,9735,L,1891,LD,491,Ind,2379,UKIP,3477,G
Rayleigh and Wickford,14280,C,2666,L,2919,LD,150,Ind,772,UKIP,650,G
Rochford and Southend East,4983,C,8011,L,1153,LD,939,Ind,2680,UKIP,625,G
Saffron Walden,2496,C,5188,L,993,LD,631,Ind,1882,UKIP,635,G
South Basildon and East Thurrock,10646,C,2493,L,106,LD,410,Ind,1379,UKIP,2198,G
South Cambridgeshire,14301,C,11893,L,968,LD,858,Ind,1663,UKIP,2197,G
South East Cambridgeshire,366,C,6022,L,130,LD,119,Ind,937,UKIP,863,G
Southend West,2835,C,6340,L,1138,LD,544,Ind,1321,UKIP,2240,G
South Norfolk,5489,C,8144,L,2411,LD,893,Ind,1492,UKIP,1507,G
South Suffolk,13205,C,12430,L,2677,LD,931,Ind,659,UKIP,719,G
South West Bedfordshire,7848,C,162,L,1833,LD,867,Ind,366,UKIP,764,G
South West Hertfordshire,13107,C,11202,L,2195,LD,751,Ind,1806,UKIP,3059,G
South West Norfolk,14407,C,12150,L,882,LD,699,Ind,956,UKIP,1532,G
St Albans,5737,C,1042,L,2244,LD,238,Ind,1065,UKIP,1673,G
Stevenage,1650,C,5247,L,229,LD,282,Ind,2522,UKIP,2399,G
Suffolk Coastal,14571,C,3188,L,1960,LD,360,Ind,3076,UKIP,2602,G
Thurrock,1525,C,12172,L,1223,LD,967,Ind,3201,UKIP,205,G
Watford,6004,C,8598,L,610,LD,257,Ind,815,UKIP,216,G
Waveney,2452,C,10073,L,971,LD,467,Ind,1569,UKIP,2117,G
Welwyn Hatfield,14471,C,4718,L,1105,LD,308,Ind,2746,UKIP,543,G
West Suffolk,6403,C,11622,L,2831,LD,375,Ind,1362,UKIP,1226,G
Witham,13226,C,8738,L,404,LD,138,Ind,1239,UKIP,3269,G
Amber Valley,13836,C,2092,L,2040,LD,581,Ind,101,UKIP,613,G
Ashfield,6753,C,4405,L,706,LD,515,Ind,2574,UKIP,2543,G
Bassetlaw,8426,C,7852,L,666,LD,72,Ind,1756,UKIP,1671,G
Bolsover,1764,C,6053,L,1802,LD,496,Ind,2391,UKIP,833,G
Boston and Skegness,8849,C,12395,L,4,LD,186,Ind,3000,UKIP,1065,G
Bosworth,57,C,10930,L,2923,LD,488,Ind,3173,UKIP,171,G
Broxtowe,2860,C,6993,L,1573,LD,555,Ind,2845,UKIP,2259,G
Charnwood,6944,C,7596,L,143,LD,298,Ind,2074,UKIP,1377,G
Chesterfield,14962,C,4313,L,2419,LD,492,Ind,1099,UKIP,545,G
Corby,8020,C,7395,L,954,LD,750,Ind,2645,UKIP,1423,G
Daventry,11845,C,530,L,1759,LD,231,Ind,3296,UKIP,619,G
Derby North,5382,C,4805,L,1486,LD,162,Ind,509,UKIP,2601,G
Derbyshire Dales,4091,C,11962,L,2166,LD,935,Ind,2911,UKIP,1707,G
Derby South,6381,C,2471,L,2764,LD,452,Ind,507,UKIP,2035,G
Erewash,5904,C,10879,L,2856,LD,959,Ind,2745,UKIP,223,G
Gainsborough,9918,C,3402,L,1433,LD,138,Ind,1837,UKIP,2454,G
Gedling,7572,C,30,L,2591,LD,468,Ind,2609,UKIP,3220,G
Grantham and Stamford,1789,C,12111,L,1093,LD,724,Ind,898,UKIP,366,G
Harborough,14464,C,6993,L,2414,LD,462,Ind,236,UKIP,2595,G
High Peak,4863,C,5555,L,1912,LD,865,Ind,2283,UKIP,3466,G
Kettering,1376,C,12662,L,1966,LD,246,Ind,256,UKIP,3352,G
Leicester East,601,C,4425,L,209,LD,149,Ind,750,UKIP,2568,G
Leicester South,13436,C,10577,L,2801,LD,839,Ind,201,UKIP,3476,G
Leicester West,14553,C,2578,L,1039,LD,568,Ind,834,UKIP,895,G
Lincoln,9415,C,1154,L,1311,LD,508,Ind,3295,UKIP,33,G
Loughborough,3450,C,5361,L,1017,LD,223,Ind,233,UKIP,3298,G
Louth and Horncastle,14470,C,3531,L,2348,LD,637,Ind,1443,UKIP,769,G
Mansfield,11888,C,8258,L,1044,LD,957,Ind,1297,UKIP,3019,G
Mid Derbyshire,4547,C,12123,L,2897,LD,311,Ind,1569,UKIP,2630,G
Newark,2695,C,8275,L,1902,LD,656,Ind,1687,UKIP,3070,G
Northampton North,12557,C,8432,L,2797,LD,457,Ind,239,UKIP,232,G
Northampton South,12295,C,8604,L,1205,LD,131,Ind,1063,UKIP,1106,G
North East Derbyshire,143,C,3832,L,938,LD,657,Ind,853,UKIP,316,G
North West Leicestershire,6678,C,3132,L,182,LD,735,Ind,577,UKIP,2190,G
Nottingham East,5272,C,7666,L,1798,LD,420,Ind,2579,UKIP,1333,G
Nottingham North,14048,C,5094,L,848,LD,124,Ind,80,UKIP,293,G
Nottingham South,10726,C,1113,L,829,LD,259,Ind,2486,UKIP,2421,G
Rushcliffe,9556,C,3118,L,258,LD,371,Ind,28,UKIP,2797,G
Rutland and Melton,2065,C,4507,L,926,LD,685,Ind,3480,UKIP,1024,G
Sherwood,11419,C,11069,L,512,LD,550,Ind,1788,UKIP,2293,G
Sleaford and North Hykeham,14603,C,504,L,1607,LD,439,Ind,2369,UKIP,885,G
South Derbyshire,1868,C,5515,L,1779,LD,360,Ind,2359,UKIP,1485,G
South Holland and The Deepings,8842,C,296,L,818,LD,531,Ind,3096,UKIP,3082,G
South Leicestershire,3722,C,10259,L,1038,LD,298,Ind,2368,UKIP,2878,G
South Northamptonshire,11823,C,12983,L,1787,LD,895,Ind,35,UKIP,2975,G
Wellingborough,5707,C,11861,L,2921,LD,10,Ind,929,UKIP,1090,G
Barking,9440,C,5272,L,514,LD,504,Ind,2121,UKIP,1561,G
Battersea,1192,C,10573,L,2454,LD,243,Ind,1497,UKIP,3032,G
Beckenham,3522,C,11639,L,2946,LD,570,Ind,429,UKIP,1260,G
Bermondsey and Old Southwark,2460,C,4900,L,1506,LD,152,Ind,1949,UKIP,1942,G
Bethnal Green and Bow,141,C,4314,L,2314,LD,5,Ind,71,UKIP,3455,G
Bexleyheath and Crayford,2386,C,9818,L,148,LD,945,Ind,1198,UKIP,980,G
Brent Central,11588,C,11500,L,2098,LD,365,Ind,153,UKIP,242,G
Brentford and Isleworth,4316,C,5767,L,616,LD,333,Ind,1595,UKIP,3004,G
Brent North,11465,C,5140,L,2198,LD,90,Ind,1456,UKIP,1758,G
Bromley and Chislehurst,4478,C,643,L,2063,LD,73,Ind,698,UKIP,2093,G
Camberwell and Peckham,2809,C,12643,L,763,LD,888,Ind,3042,UKIP,38,G
Carshalton and Wallington,14927,C,194,L,2721,LD,986,Ind,3345,UKIP,352,G
Chelsea and Fulham,9375,C,5215,L,583,LD,676,Ind,2601,UKIP,1799,G
Chingford and Woodford Green,12852,C,1451,L,343,LD,708,Ind,1857,UKIP,909,G
Chipping Barnet,13641,C,759,L,1287,LD,631,Ind,522,UKIP,3195,G
Cities Of London and Westminster,13640,C,12936,L,876,LD,793,Ind,2712,UKIP,5,G
Croydon Central,1217,C,1233,L,2749,LD,910,Ind,845,UKIP,3475,G
Croydon North,427,C,1348,L,2057,LD,696,Ind,3306,UKIP,1302,G
Croydon South,316,C,4712,L,1927,LD,103,Ind,927,UKIP,2657,G
Dagenham and Rainham,14191,C,5978,L,177,LD,620,Ind,203,UKIP,1005,G
Dulwich and West Norwood,8642,C,7855,L,2029,LD,163,Ind,2265,UKIP,637,G
Ealing Central and Acton,11297,C,3369,L,1936,LD,402,Ind,1402,UKIP,145,G
Ealing North,6156,C,1594,L,1436,LD,862,Ind,2358,UKIP,3203,G
Ealing\, Southall,3883,C,8266,L,1986,LD,565,Ind,2819,UKIP,2411,G
East Ham,114,C,7303,L,1268,LD,637,Ind,823,UKIP,728,G
Edmonton,8154,C,5388,L,1422,LD,298,Ind,3312,UKIP,524,G
Eltham,3567,C,12690,L,1958,LD,746,Ind,3450,UKIP,1819,G
Enfield North,7917,C,3625,L,1916,LD,965,Ind,931,UKIP,2123,G
Enfield\, Southgate,1680,C,7334,L,2346,LD,355,Ind,670,UKIP,811,G
Erith and Thamesmead,6316,C,7929,L,1949,LD,365,Ind,478,UKIP,1388,G
Feltham and Heston,9809,C,6483,L,392,LD,145,Ind,1394,UKIP,892,G
Finchley and Golders Green,7931,C,3691,L,1233,LD,400,Ind,1137,UKIP,2504,G
Greenwich and Woolwich,12778,C,9135,L,67,LD,417,Ind,1095,UKIP,70,G
Hackney North and Stoke Newington,8201,C,10112,L,909,LD,85,Ind,2573,UKIP,3156,G
Hackney South and Shoreditch,12954,C,1502,L,1338,LD,548,Ind,1475,UKIP,2926,G
Hammersmith,4298,C,7170,L,2982,LD,612,Ind,3242,UKIP,432,G
Hampstead and Kilburn,1635,C,11537,L,932,LD,21,Ind,1555,UKIP,251,G
Harrow East,10567,C,1311,L,76,LD,127,Ind,93,UKIP,1373,G
Harrow West,12647,C,8619,L,285,LD,562,Ind,1730,UKIP,1979,G
Hayes and Harlington,9600,C,564,L,1819,LD,834,Ind,2950,UKIP,2554,G
Hendon,13944,C,3518,L,754,LD,248,Ind,273,UKIP,2944,G
Holborn and St Pancras,14000,C,740,L,1250,LD,169,Ind,60,UKIP,1243,G
Hornchurch and Upminster,14059,C,4751,L,608,LD,634,Ind,3382,UKIP,2687,G
Hornsey and Wood Green,2102,C,1138,L,2709,LD,84,Ind,3436,UKIP,3352,G
Ilford North,4270,C,1640,L,2624,LD,54,Ind,3122,UKIP,2937,G
Ilford South,5880,C,3939,L,1072,LD,580,Ind,2739,UKIP,464,G
Islington North,3057,C,8260,L,770,LD,857,Ind,466,UKIP,3407,G
Islington South and Finsbury,4003,C,9722,L,2031,LD,327,Ind,2512,UKIP,342,G
Kensington,1298,C,3961,L,1799,LD,32,Ind,2188,UKIP,775,G
Kingston and Surbiton,10435,C,11526,L,1931,LD,231,Ind,1006,UKIP,1468,G
Lewisham\, Deptford,5909,C,3220,L,2013,LD,712,Ind,433,UKIP,2172,G
Lewisham East,3617,C,12757,L,1243,LD,481,Ind,3222,UKIP,1179,G
Lewisham West and Penge,2784,C,9337,L,2390,LD,48,Ind,2879,UKIP,561,G
Leyton and Wanstead,12058,C,11583,L,130,LD,870,Ind,3499,UKIP,2700,G
Mitcham and Morden,8717,C,10569,L,2141,LD,432,Ind,248,UKIP,1966,G
Old Bexley and Sidcup,6336,C,209,L,1925,LD,589,Ind,415,UKIP,877,G
Orpington,9629,C,7758,L,1038,LD,453,Ind,703,UKIP,2944,G
Poplar and Limehouse,5016,C,7863,L,1364,LD,883,Ind,592,UKIP,171,G
Putney,2923,C,11513,L,58,LD,518,Ind,65,UKIP,2072,G
Richmond Park,9960,C,9627,L,1034,LD,488,Ind,3241,UKIP,2387,G
Romford,126,C,2295,L,810,LD,366,Ind,1842,UKIP,816,G
Ruislip\, Northwood and Pinner,5350,C,2472,L,2172,LD,937,Ind,2338,UKIP,549,G
Streatham,13519,C,2331,L,1190,LD,684,Ind,791,UKIP,45,G
Sutton and Cheam,10687,C,2451,L,1085,LD,786,Ind,2323,UKIP,322,G
Tooting,5097,C,97,L,2723,LD,887,Ind,2673,UKIP,2235,G
Tottenham,3799,C,10352,L,1926,LD,304,Ind,75,UKIP,3334,G
Twickenham,7221,C,6622,L,1585,LD,568,Ind,3361,UKIP,2064,G
Uxbridge and South Ruislip,1816,C,2698,L,1633,LD,516,Ind,3472,UKIP,2686,G
Vauxhall,12398,C,9188,L,238,LD,124,Ind,2942,UKIP,2868,G
Walthamstow,1522,C,6208,L,2847,LD,929,Ind,1518,UKIP,1432,G
West Ham,13613,C,2661,L,444,LD,232,Ind,147,UKIP,3061,G
Westminster North,2906,C,4605,L,2885,LD,363,Ind,3059,UKIP,885,G
Wimbledon,7528,C,12843,L,878,LD,728,Ind,2304,UKIP,194,G
Berwick-Upon-Tweed,7026,C,12402,L,1017,LD,91,Ind,1850,UKIP,2244,G
Bishop Auckland,14760,C,8165,L,267,LD,527,Ind,3258,UKIP,1322,G
Blaydon,12937,C,2445,L,2997,LD,101,Ind,3468,UKIP,1271,G
Blyth Valley,6529,C,8184,L,453,LD,548,Ind,2502,UKIP,189,G
City Of Durham,12534,C,6329,L,1400,LD,162,Ind,1911,UKIP,1186,G
Darlington,1010,C,10138,L,755,LD,63,Ind,1400,UKIP,1367,G
Easington,2489,C,4351,L,504,LD,219,Ind,264,UKIP,2977,G
Gateshead,7725,C,2232,L,790,LD,16,Ind,3129,UKIP,2548,G
Hartlepool,2401,C,5834,L,1074,LD,68,Ind,1424,UKIP,2123,G
Hexham,12602,C,4674,L,1107,LD,201,Ind,3136,UKIP,2458,G
Houghton and Sunderland South,5944,C,3514,L,273,LD,917,Ind,355,UKIP,263,G
Jarrow,4133,C,11164,L,2735,LD,925,Ind,2238,UKIP,398,G
Middlesbrough,13049,C,10609,L,2402,LD,179,Ind,1891,UKIP,413,G
Middlesbrough South and East Cleveland,1724,C,3986,L,1972,LD,8,Ind,1792,UKIP,3434,G
Newcastle Upon Tyne Central,1303,C,1133,L,36,LD,987,Ind,2285,UKIP,2920,G
Newcastle Upon Tyne East,10116,C,8797,L,2345,LD,537,Ind,1047,UKIP,1602,G
Newcastle Upon Tyne North,4528,C,8107,L,250,LD,97,Ind,3214,UKIP,2602,G
North Durham,14563,C,2264,L,1965,LD,536,Ind,1729,UKIP,218,G
North Tyneside,11360,C,6957,L,2046,LD,523,Ind,679,UKIP,456,G
North West Durham,14061,C,4583,L,2317,LD,864,Ind,3005,UKIP,2315,G
Redcar,4101,C,5052,L,2152,LD,727,Ind,2089,UKIP,2838,G
Sedgefield,1125,C,3990,L,948,LD,930,Ind,2390,UKIP,1288,G
South Shields,12660,C,1884,L,1262,LD,871,Ind,1217,UKIP,720,G
Stockton North,1640,C,4990,L,154,LD,484,Ind,2826,UKIP,592,G
Stockton South,9324,C,9623,L,2648,LD,611,Ind,1095,UKIP,1803,G
Sunderland Central,13561,C,5581,L,1094,LD,952,Ind,3138,UKIP,65,G
Tynemouth,7591,C,4852,L,2149,LD,796,Ind,3264,UKIP,1499,G
Wansbeck,3684,C,8574,L,1181,LD,762,Ind,1861,UKIP,1842,G
Washington and Sunderland West,10419,C,4085,L,2402,LD,615,Ind,1030,UKIP,2890,G
Altrincham and Sale West,14898,C,6051,L,2783,LD,659,Ind,2799,UKIP,2928,G
Ashton-Under-Lyne,3645,C,647,L,2231,LD,193,Ind,3374,UKIP,1206,G
Barrow and Furness,2614,C,3270,L,2283,LD,578,Ind,2822,UKIP,143,G
Birkenhead,3913,C,12386,L,125,LD,777,Ind,3,UKIP,273,G
Blackburn,7635,C,7853,L,1630,LD,873,Ind,792,UKIP,1171,G
Blackley and Broughton,5200,C,11464,L,309,LD,796,Ind,236,UKIP,2849,G
Blackpool North and Cleveleys,4378,C,9241,L,1237,LD,678,Ind,1755,UKIP,2852,G
Blackpool South,11864,C,4001,L,375,LD,486,Ind,2795,UKIP,2456,G
Bolton North East,5535,C,9934,L,2337,LD,305,Ind,2639,UKIP,2304,G
Bolton South East,5342,C,361,L,322,LD,803,Ind,2024,UKIP,169,G
Bolton West,4835,C,3045,L,1041,LD,429,Ind,1783,UKIP,2477,G
Bootle,12872,C,959,L,1258,LD,943,Ind,2439,UKIP,3260,G
Burnley,14620,C,11644,L,1236,LD,907,Ind,499,UKIP,2849,G
Bury North,4579,C,7376,L,2485,LD,153,Ind,2851,UKIP,2848,G
Bury South,6352,C,2293,L,880,LD,309,Ind,368,UKIP,286,G
Carlisle,2396,C,4343,L,2585,LD,1,Ind,1076,UKIP,688,G
Cheadle,4593,C,9764,L,107,LD,944,Ind,50,UKIP,3436,G
Chorley,11829,C,11992,L,2596,LD,406,Ind,3231,UKIP,2751,G
City Of Chester,13007,C,3188,L,2434,LD,988,Ind,2016,UKIP,1398,G
Congleton,661,C,3848,L,884,LD,609,Ind,784,UKIP,941,G
Copeland,13175,C,10415,L,2019,LD,276,Ind,2045,UKIP,196,G
Crewe and Nantwich,4797,C,11156,L,451,LD,741,Ind,2750,UKIP,3139,G
Denton and Reddish,14088,C,9635,L,2494,LD,40,Ind,1439,UKIP,925,G
Eddisbury,5008,C,4408,L,1060,LD,906,Ind,2339,UKIP,2182,G
Ellesmere Port and Neston,13152,C,4506,L,1847,LD,172,Ind,1175,UKIP,2127,G
Fylde,9212,C,12597,L,2221,LD,498,Ind,3472,UKIP,2109,G
Garston and Halewood,7593,C,3038,L,113,LD,908,Ind,2979,UKIP,2171,G
Halton,14134,C,11304,L,2941,LD,196,Ind,3067,UKIP,1615,G
Hazel Grove,6027,C,8951,L,787,LD,885,Ind,2335,UKIP,1742,G
Heywood and Middleton,11109,C,11876,L,1692,LD,594,Ind,2005,UKIP,914,G
Hyndburn,2464,C,5273,L,201,LD,288,Ind,2477,UKIP,1839,G
Knowsley,2406,C,7631,L,2240,LD,231,Ind,1864,UKIP,2742,G
Lancaster and Fleetwood,9592,C,12819,L,1282,LD,999,Ind,289,UKIP,2845,G
Leigh,5345,C,1943,L,1375,LD,675,Ind,1285,UKIP,387,G
Liverpool\, Riverside,480,C,6285,L,1759,LD,215,Ind,3458,UKIP,1945,G
Liverpool\, Walton,6259,C,1839,L,1338,LD,37,Ind,472,UKIP,744,G
Liverpool\, Wavertree,8100,C,3492,L,848,LD,236,Ind,396,UKIP,2425,G
Liverpool\, West Derby,2399,C,3408,L,1911,LD,733,Ind,3083,UKIP,1768,G
Macclesfield,2732,C,11224,L,1353,LD,988,Ind,1732,UKIP,278,G
Makerfield,12101,C,10315,L,237,LD,275,Ind,2857,UKIP,3282,G
Manchester Central,5477,C,4924,L,1136,LD,528,Ind,2944,UKIP,2571,G
Manchester\, Gorton,2382,C,9357,L,1055,LD,864,Ind,205,UKIP,3354,G
Manchester\, Withington,3667,C,11836,L,241,LD,28,Ind,942,UKIP,2723,G
Morecambe and Lunesdale,8958,C,9697,L,2397,LD,277,Ind,2375,UKIP,1150,G
Oldham East and Saddleworth,14897,C,7024,L,2860,LD,310,Ind,2536,UKIP,1272,G
Oldham West and Royton,6808,C,5961,L,707,LD,361,Ind,1471,UKIP,837,G
Pendle,10040,C,7061,L,1208,LD,510,Ind,328,UKIP,926,G
Penrith and The Border,13717,C,2421,L,2850,LD,842,Ind,1278,UKIP,331,G
Preston,1763,C,483,L,1682,LD,139,Ind,2285,UKIP,3028,G
Ribble Valley,14292,C,2253,L,1661,LD,883,Ind,2781,UKIP,808,G
Rochdale,10903,C,8450,L,2764,LD,762,Ind,3054,UKIP,910,G
Rossendale and Darwen,555,C,10705,L,1958,LD,949,Ind,2941,UKIP,83,G
Salford and Eccles,6527,C,5794,L,656,LD,927,Ind,2199,UKIP,155,G
Sefton Central,8803,C,9325,L,2884,LD,246,Ind,2181,UKIP,2352,G
Southport,1279,C,6649,L,1628,LD,399,Ind,513,UKIP,2748,G
South Ribble,3731,C,2141,L,2176,LD,675,Ind,3130,UKIP,3115,G
Stalybridge and Hyde,13950,C,12458,L,1901,LD,538,Ind,3196,UKIP,2,G
St Helens North,2736,C,2107,L,835,LD,650,Ind,1851,UKIP,1038,G
St Helens South and Whiston,1692,C,705,L,2786,LD,705,Ind,2819,UKIP,2817,G
Stockport,3005,C,10525,L,2400,LD,428,Ind,18,UKIP,1928,G
Stretford and Urmston,4723,C,3180,L,689,LD,688,Ind,1297,UKIP,3028,G
Tatton,8944,C,11184,L,2373,LD,740,Ind,912,UKIP,3203,G
Wallasey,3641,C,8277,L,1366,LD,448,Ind,1042,UKIP,2637,G
Warrington North,6576,C,7619,L,2879,LD,131,Ind,2719,UKIP,18,G
Warrington South,12255,C,1410,L,1101,LD,414,Ind,2934,UKIP,3239,G
Weaver Vale,10039,C,927,L,376,LD,347,Ind,2756,UKIP,1674,G
West Lancashire,10147,C,3231,L,1671,LD,994,Ind,2618,UKIP,1663,G
Westmorland and Lonsdale,2705,C,7320,L,2199,LD,332,Ind,813,UKIP,2079,G
Wigan,9967,C,12362,L,411,LD,975,Ind,813,UKIP,2959,G
Wirral South,13555,C,12309,L,568,LD,823,Ind,1561,UKIP,1002,G
Wirral West,10379,C,466,L,792,LD,525,Ind,1839,UKIP,1417,G
Workington,3069,C,1061,L,2806,LD,661,Ind,605,UKIP,2169,G
Worsley and Eccles South,5438,C,9757,L,1910,LD,46,Ind,1173,UKIP,1426,G
Wyre and Preston North,12319,C,11504,L,1471,LD,22,Ind,2994,UKIP,1502,G
Wythenshawe and Sale East,7342,C,11964,L,1749,LD,851,Ind,2374,UKIP,1582,G
Belfast East,12334,C,2726,L,47,LD,187,Ind,755,UKIP,1593,G
Belfast North,12692,C,11198,L,2795,LD,111,Ind,3017,UKIP,1422,G
Belfast South,2099,C,2563,L,2014,LD,429,Ind,375,UKIP,1179,G
Belfast West,14304,C,4381,L,520,LD,87,Ind,745,UKIP,3471,G
East Antrim,14144,C,11946,L,2213,LD,510,Ind,715,UKIP,2849,G
East Londonderry,14728,C,7392,L,1513,LD,323,Ind,2418,UKIP,3236,G
Fermanagh and South Tyrone,11283,C,3128,L,51,LD,837,Ind,1165,UKIP,69,G
Foyle,11554,C,11872,L,2150,LD,133,Ind,1273,UKIP,156,G
Lagan Valley,13482,C,6231,L,1887,LD,350,Ind,2528,UKIP,2351,G
Mid Ulster,10336,C,5535,L,89,LD,79,Ind,197,UKIP,3352,G
Newry and Armagh,8778,C,9323,L,95,LD,240,Ind,3337,UKIP,2196,G
North Antrim,1352,C,6844,L,235,LD,518,Ind,365,UKIP,2002,G
North Down,2385,C,10724,L,345,LD,563,Ind,2795,UKIP,1768,G
South Antrim,2695,C,2383,L,2406,LD,398,Ind,640,UKIP,2205,G
South Down,9440,C,8650,L,1508,LD,163,Ind,3021,UKIP,1273,G
Strangford,4447,C,2186,L,202,LD,59,Ind,1864,UKIP,440,G
Upper Bann,14163,C,11716,L,735,LD,824,Ind,1434,UKIP,2401,G
West Tyrone,1587,C,9205,L,2413,LD,762,Ind,2880,UKIP,2419,G
Aberdeen North,9463,C,4133,L,284,LD,79,Ind,2168,UKIP,24,G,1809,SNP
Aberdeen South,4491,C,5014,L,3484,LD,55,Ind,1540,UKIP,1329,G,7623,SNP
Airdrie and Shotts,10751,C,803,L,2861,LD,945,Ind,1116,UKIP,1461,G,225,SNP
Angus,13267,C,1138,L,1788,LD,81,Ind,1300,UKIP,1176,G,3173,SNP
Argyll and Bute,13903,C,310,L,2574,LD,649,Ind,308,UKIP,3485,G,1216,SNP
Ayr\, Carrick and Cumnock,3978,C,4595,L,358,LD,873,Ind,3218,UKIP,677,G,7796,SNP
Banff and Buchan,2045,C,1151,L,3817,LD,167,Ind,1985,UKIP,2048,G,4309,SNP
Berwickshire\, Roxburgh and Selkirk,1340,C,5152,L,932,LD,52,Ind,2796,UKIP,3064,G,1892,SNP
Caithness\, Sutherland and Easter Ross,2575,C,5885,L,222,LD,617,Ind,3003,UKIP,2901,G,9700,SNP
Central Ayrshire,7453,C,3473,L,3014,LD,697,Ind,293,UKIP,2981,G,3169,SNP
Coatbridge\, Chryston and Bellshill,6203,C,2993,L,3350,LD,153,Ind,466,UKIP,3045,G,8743,SNP
Cumbernauld\, Kilsyth and Kirkintilloch East,10887,C,2097,L,4317,LD,4,Ind,284,UKIP,2720,G,6385,SNP
Dumfries and Galloway,13687,C,2378,L,4963,LD,229,Ind,2885,UKIP,1076,G,9097,SNP
Dumfriesshire\, Clydesdale and Tweeddale,2265,C,6395,L,283,LD,897,Ind,576,UKIP,224,G,4303,SNP
Dundee East,11290,C,2926,L,1947,LD,45,Ind,1789,UKIP,2001,G,8556,SNP
Dundee West,7752,C,4989,L,692,LD,764,Ind,1310,UKIP,2639,G,4260,SNP
Dunfermline and West Fife,11430,C,5909,L,4016,LD,287,Ind,2149,UKIP,2529,G,7555,SNP
East Dunbartonshire,8301,C,6158,L,4326,LD,650,Ind,679,UKIP,3497,G,1426,SNP
East Kilbride\, Strathaven and Lesmahagow,14653,C,6469,L,4047,LD,409,Ind,356,UKIP,1018,G,1409,SNP
East Lothian,3773,C,5389,L,4630,LD,532,Ind,2828,UKIP,2589,G,3857,SNP
East Renfrewshire,5315,C,1201,L,3840,LD,100,Ind,2150,UKIP,686,G,1781,SNP
Edinburgh East,13999,C,3231,L,147,LD,580,Ind,2134,UKIP,1262,G,8089,SNP
Edinburgh North and Leith,9541,C,1203,L,1629,LD,287,Ind,937,UKIP,1167,G,9719,SNP
Edinburgh South,11717,C,997,L,2913,LD,797,Ind,3473,UKIP,3298,G,8917,SNP
Edinburgh South West,2770,C,5033,L,854,LD,599,Ind,1834,UKIP,2326,G,6488,SNP
Edinburgh West,6067,C,1500,L,3327,LD,973,Ind,1563,UKIP,2218,G,1343,SNP
Falkirk,9267,C,1027,L,1277,LD,672,Ind,1537,UKIP,186,G,3673,SNP
Glasgow Central,6519,C,4689,L,1947,LD,198,Ind,3240,UKIP,2336,G,3672,SNP
Glasgow East,3600,C,6195,L,871,LD,92,Ind,283,UKIP,729,G,6459,SNP
Glasgow North,8187,C,4191,L,4662,LD,468,Ind,2771,UKIP,2238,G,8191,SNP
Glasgow North East,9455,C,1023,L,3174,LD,3,Ind,3018,UKIP,1556,G,5608,SNP
Glasgow North West,6217,C,1375,L,3747,LD,292,Ind,1095,UKIP,2646,G,9096,SNP
Glasgow South,9969,C,6188,L,216,LD,157,Ind,1527,UKIP,2029,G,3336,SNP
Glasgow South West,4425,C,3203,L,3933,LD,735,Ind,1843,UKIP,1921,G,3459,SNP
Glenrothes,14018,C,464,L,2742,LD,180,Ind,354,UKIP,2068,G,38,SNP
Gordon,6602,C,4535,L,689,LD,935,Ind,1582,UKIP,2183,G,4177,SNP
Inverclyde,13618,C,5436,L,2033,LD,790,Ind,2872,UKIP,1287,G,9955,SNP
Inverness\, Nairn\, Badenoch and Strathspey,2719,C,5187,L,4093,LD,778,Ind,465,UKIP,6,G,2297,SNP
Kilmarnock and Loudoun,6733,C,261,L,363,LD,796,Ind,2355,UKIP,598,G,865,SNP
Kirkcaldy and Cowdenbeath,8395,C,65,L,2948,LD,491,Ind,3396,UKIP,498,G,7707,SNP
Lanark and Hamilton East,7152,C,3248,L,3522,LD,685,Ind,287,UKIP,2554,G,2312,SNP
Linlithgow and East Falkirk,1591,C,926,L,4087,LD,293,Ind,535,UKIP,2242,G,6949,SNP
Livingston,11516,C,5513,L,1609,LD,201,Ind,313,UKIP,916,G,1835,SNP
Midlothian,11647,C,2272,L,2803,LD,75,Ind,3488,UKIP,814,G,2343,SNP
Moray,10278,C,6210,L,2636,LD,237,Ind,2838,UKIP,1900,G,8707,SNP
Motherwell and Wishaw,5056,C,2968,L,2003,LD,306,Ind,131,UKIP,1376,G,9774,SNP
Na h-Eileanan An Iar,5591,C,1217,L,3343,LD,493,Ind,95,UKIP,2994,G,7433,SNP
North Ayrshire and Arran,7250,C,1402,L,562,LD,257,Ind,2211,UKIP,1313,G,3420,SNP
North East Fife,7009,C,4647,L,268,LD,290,Ind,1435,UKIP,1200,G,6894,SNP
Ochil and South Perthshire,11791,C,2003,L,4918,LD,108,Ind,2474,UKIP,718,G,1426,SNP
Orkney and Shetland,481,C,2908,L,4886,LD,179,Ind,2653,UKIP,2227,G,9064,SNP
Paisley and Renfrewshire North,8836,C,2490,L,1100,LD,247,Ind,914,UKIP,1295,G,497,SNP
Paisley and Renfrewshire South,1525,C,1009,L,2785,LD,690,Ind,105,UKIP,1060,G,8476,SNP
Perth and North Perthshire,11696,C,378,L,668,LD,425,Ind,154,UKIP,1519,G,3660,SNP
Ross\, Skye and Lochaber,5051,C,3139,L,2662,LD,682,Ind,2989,UKIP,1589,G,9350,SNP
Rutherglen and Hamilton West,6287,C,6144,L,4049,LD,217,Ind,1932,UKIP,1729,G,2408,SNP
Stirling,14718,C,56,L,3762,LD,880,Ind,803,UKIP,2690,G,8148,SNP
West Aberdeenshire and Kincardine,7092,C,403,L,2111,LD,356,Ind,237,UKIP,742,G,310,SNP
West Dunbartonshire,2842,C,2760,L,3377,LD,100,Ind,2388,UKIP,3312,G,5483,SNP
Aldershot,905,C,3036,L,418,LD,143,Ind,2864,UKIP,1216,G
Arundel and South Downs,14717,C,2327,L,2368,LD,699,Ind,754,UKIP,1446,G
Ashford,7775,C,5724,L,2051,LD,974,Ind,338,UKIP,231,G
Aylesbury,13588,C,10971,L,1757,LD,863,Ind,3038,UKIP,2055,G
Banbury,6919,C,10217,L,1189,LD,415,Ind,3028,UKIP,933,G
Basingstoke,10294,C,7563,L,681,LD,45,Ind,2425,UKIP,3454,G
Beaconsfield,1312,C,8358,L,830,LD,577,Ind,1352,UKIP,1656,G
Bexhill and Battle,10032,C,7688,L,2952,LD,620,Ind,3132,UKIP,3499,G
Bognor Regis and Littlehampton,8929,C,5817,L,878,LD,505,Ind,1850,UKIP,1146,G
Bracknell,14242,C,12137,L,1165,LD,48,Ind,1847,UKIP,1504,G
Brighton\, Kemptown,13131,C,645,L,2845,LD,329,Ind,2498,UKIP,2730,G
Brighton\, Pavilion,4224,C,2312,L,926,LD,687,Ind,3325,UKIP,859,G
Buckingham,8935,C,12827,L,1500,LD,483,Ind,1464,UKIP,406,G
Canterbury,3237,C,9490,L,620,LD,893,Ind,1199,UKIP,842,G
Chatham and Aylesford,8386,C,5386,L,2018,LD,643,Ind,1508,UKIP,3220,G
Chesham and Amersham,3213,C,2912,L,1263,LD,952,Ind,219,UKIP,2570,G
Chichester,10106,C,4359,L,2474,LD,830,Ind,2487,UKIP,1874,G
Crawley,6926,C,1471,L,459,LD,196,Ind,1175,UKIP,1509,G
Dartford,4876,C,5466,L,1575,LD,283,Ind,2558,UKIP,19,G
Dover,13250,C,10693,L,2000,LD,389,Ind,238,UKIP,3269,G
Eastbourne,2942,C,1954,L,2903,LD,723,Ind,1027,UKIP,1447,G
East Hampshire,10391,C,708,L,2542,LD,611,Ind,1794,UKIP,2009,G
Eastleigh,5653,C,3081,L,2581,LD,312,Ind,3118,UKIP,1298,G
East Surrey,4909,C,7568,L,1155,LD,447,Ind,672,UKIP,1662,G
East Worthing and Shoreham,3601,C,9128,L,1468,LD,661,Ind,350,UKIP,334,G
Epsom and Ewell,8621,C,5569,L,2182,LD,613,Ind,3017,UKIP,1829,G
Esher and Walton,4452,C,1904,L,1447,LD,485,Ind,2265,UKIP,2646,G
Fareham,5714,C,218,L,392,LD,951,Ind,810,UKIP,2802,G
Faversham and Mid Kent,7259,C,4088,L,2224,LD,425,Ind,1419,UKIP,568,G
Folkestone and Hythe,8901,C,279,L,356,LD,873,Ind,437,UKIP,1973,G
Gillingham and Rainham,13129,C,4126,L,2713,LD,918,Ind,2592,UKIP,873,G
Gosport,3621,C,10709,L,1110,LD,985,Ind,1901,UKIP,1295,G
Gravesham,11033,C,6065,L,1019,LD,849,Ind,2482,UKIP,1016,G
Guildford,1415,C,7808,L,1292,LD,41,Ind,2031,UKIP,780,G
Hastings and Rye,13134,C,3592,L,217,LD,4,Ind,3204,UKIP,561,G
Havant,5266,C,9029,L,925,LD,431,Ind,1472,UKIP,681,G
Henley,8518,C,862,L,2584,LD,463,Ind,2501,UKIP,306,G
Horsham,4200,C,3926,L,2887,LD,209,Ind,1410,UKIP,835,G
Hove,5308,C,4501,L,1161,LD,867,Ind,2036,UKIP,1019,G
Isle Of Wight,5037,C,12935,L,2428,LD,204,Ind,264,UKIP,1212,G
Lewes,6633,C,6289,L,268,LD,184,Ind,1903,UKIP,417,G
Maidenhead,9062,C,6369,L,934,LD,227,Ind,248,UKIP,1451,G
Maidstone and The Weald,4244,C,3197,L,647,LD,845,Ind,2055,UKIP,640,G
Meon Valley,464,C,907,L,1845,LD,374,Ind,2820,UKIP,1848,G
Mid Sussex,11365,C,6386,L,1802,LD,122,Ind,1829,UKIP,2172,G
Milton Keynes North,12943,C,7594,L,196,LD,682,Ind,2244,UKIP,1810,G
Milton Keynes South,657,C,10534,L,2890,LD,225,Ind,3103,UKIP,582,G
Mole Valley,7629,C,23,L,2987,LD,955,Ind,3126,UKIP,2730,G
Newbury,630,C,4534,L,2344,LD,451,Ind,3067,UKIP,2729,G
New Forest East,10400,C,12751,L,765,LD,256,Ind,677,UKIP,1219,G
New Forest West,13038,C,2223,L,2820,LD,190,Ind,2530,UKIP,2878,G
North East Hampshire,251,C,10997,L,238,LD,895,Ind,2595,UKIP,1090,G
North Thanet,14982,C,5810,L,1051,LD,240,Ind,2284,UKIP,2194,G
North West Hampshire,12422,C,10770,L,1321,LD,300,Ind,2004,UKIP,2004,G
Oxford East,8887,C,11192,L,892,LD,184,Ind,1924,UKIP,1758,G
Oxford West and Abingdon,153,C,9456,L,1536,LD,795,Ind,1116,UKIP,129,G
Portsmouth North,7042,C,881,L,213,LD,471,Ind,2243,UKIP,1433,G
Portsmouth South,14312,C,8875,L,2592,LD,166,Ind,1793,UKIP,2716,G
Reading East,13390,C,7750,L,154,LD,551,Ind,1225,UKIP,2265,G
Reading West,7830,C,1392,L,2270,LD,576,Ind,2046,UKIP,3,G
Reigate,10105,C,9675,L,86,LD,819,Ind,2263,UKIP,2811,G
Rochester and Strood,4041,C,10285,L,2624,LD,198,Ind,560,UKIP,1772,G
Romsey and Southampton North,610,C,8674,L,2978,LD,637,Ind,2171,UKIP,108,G
Runnymede and Weybridge,2318,C,5134,L,1950,LD,824,Ind,2600,UKIP,3218,G
Sevenoaks,1059,C,4434,L,1665,LD,446,Ind,1273,UKIP,3042,G
Sittingbourne and Sheppey,11642,C,3276,L,2401,LD,937,Ind,2642,UKIP,2997,G
Slough,9680,C,8564,L,2735,LD,766,Ind,2864,UKIP,3366,G
Southampton\, Itchen,4274,C,3439,L,2309,LD,395,Ind,865,UKIP,520,G
Southampton\, Test,9494,C,842,L,1678,LD,790,Ind,760,UKIP,177,G
South Thanet,2691,C,6920,L,1279,LD,510,Ind,2083,UKIP,1710,G
South West Surrey,1383,C,8271,L,188,LD,416,Ind,2797,UKIP,2817,G
Spelthorne,5570,C,9096,L,1515,LD,163,Ind,2639,UKIP,29,G
Surrey Heath,8323,C,3851,L,285,LD,820,Ind,1787,UKIP,1304,G
Tonbridge and Malling,9288,C,302,L,1106,LD,345,Ind,1668,UKIP,1683,G
Tunbridge Wells,2878,C,12743,L,2788,LD,192,Ind,3210,UKIP,1947,G
Wantage,4765,C,7171,L,2041,LD,818,Ind,499,UKIP,782,G
Wealden,721,C,10072,L,2139,LD,806,Ind,1298,UKIP,549,G
Winchester,3474,C,5332,L,1252,LD,228,Ind,458,UKIP,976,G
Windsor,1449,C,293,L,1354,LD,756,Ind,2397,UKIP,3024,G
Witney,12070,C,5780,L,592,LD,278,Ind,1453,UKIP,3052,G
Woking,152,C,5452,L,575,LD,491,Ind,982,UKIP,1649,G
Wokingham,6773,C,114,L,951,LD,97,Ind,3026,UKIP,2579,G
Worthing West,1619,C,923,L,2507,LD,644,Ind,675,UKIP,699,G
Wycombe,10546,C,5718,L,2628,LD,133,Ind,2322,UKIP,1155,G
Bath,842,C,8284,L,1156,LD,883,Ind,812,UKIP,850,G
Bournemouth East,4229,C,1348,L,259,LD,104,Ind,306,UKIP,257,G
Bournemouth West,5637,C,6664,L,867,LD,415,Ind,662,UKIP,117,G
Bridgwater and West Somerset,663,C,7078,L,1494,LD,203,Ind,2140,UKIP,10,G
Bristol East,14768,C,1892,L,1284,LD,110,Ind,2781,UKIP,1293,G
Bristol North West,6688,C,10014,L,493,LD,660,Ind,2464,UKIP,3055,G
Bristol South,6592,C,5449,L,2750,LD,770,Ind,1926,UKIP,640,G
Bristol West,2891,C,7452,L,1400,LD,890,Ind,557,UKIP,2946,G
Camborne and Redruth,296,C,8779,L,93,LD,385,Ind,1522,UKIP,2787,G
Central Devon,12676,C,7646,L,216,LD,779,Ind,691,UKIP,2407,G
Cheltenham,12975,C,10087,L,529,LD,608,Ind,1710,UKIP,824,G
Chippenham,4716,C,8470,L,1784,LD,451,Ind,283,UKIP,2953,G
Christchurch,8775,C,7748,L,2087,LD,577,Ind,2287,UKIP,2199,G
Devizes,3428,C,1196,L,821,LD,729,Ind,3320,UKIP,3211,G
East Devon,12825,C,7127,L,2958,LD,883,Ind,352,UKIP,3081,G
Exeter,7632,C,728,L,484,LD,324,Ind,2027,UKIP,3168,G
Filton and Bradley Stoke,12120,C,10786,L,1959,LD,224,Ind,3482,UKIP,3464,G
Forest Of Dean,11090,C,9510,L,56,LD,97,Ind,2671,UKIP,2544,G
Gloucester,8747,C,10924,L,1815,LD,475,Ind,3458,UKIP,347,G
Kingswood,14340,C,12902,L,75,LD,710,Ind,3219,UKIP,2360,G
Mid Dorset and North Poole,13192,C,7940,L,2878,LD,730,Ind,1041,UKIP,699,G
Newton Abbot,5492,C,5898,L,1645,LD,138,Ind,561,UKIP,277,G
North Cornwall,14502,C,2205,L,1986,LD,666,Ind,3330,UKIP,3391,G
North Devon,7095,C,5048,L,2704,LD,26,Ind,468,UKIP,514,G
North Dorset,9668,C,2432,L,1450,LD,180,Ind,1007,UKIP,347,G
North East Somerset,8018,C,7452,L,2199,LD,924,Ind,2797,UKIP,3483,G
North Somerset,1407,C,972,L,2568,LD,568,Ind,2632,UKIP,743,G
North Swindon,13353,C,2119,L,861,LD,965,Ind,505,UKIP,491,G
North Wiltshire,9107,C,290,L,601,LD,240,Ind,2117,UKIP,2295,G
Plymouth\, Moor View,4095,C,9055,L,1226,LD,615,Ind,2652,UKIP,3051,G
Plymouth\, Sutton and Devonport,10196,C,9652,L,653,LD,497,Ind,1726,UKIP,2639,G
Poole,8435,C,5380,L,2552,LD,822,Ind,56,UKIP,1744,G
Salisbury,11412,C,10232,L,2245,LD,144,Ind,604,UKIP,2140,G
Somerton and Frome,5383,C,4637,L,2241,LD,85,Ind,3372,UKIP,3398,G
South Dorset,4610,C,12622,L,1341,LD,231,Ind,3155,UKIP,1524,G
South East Cornwall,14173,C,7070,L,2301,LD,105,Ind,3222,UKIP,2676,G
South Swindon,12963,C,12006,L,2553,LD,799,Ind,1300,UKIP,1559,G
South West Devon,6079,C,4469,L,1231,LD,196,Ind,3472,UKIP,731,G
South West Wiltshire,13214,C,5151,L,1042,LD,476,Ind,1847,UKIP,273,G
St Austell and Newquay,11311,C,7648,L,196,LD,871,Ind,1886,UKIP,1408,G
St Ives,171,C,10097,L,2182,LD,175,Ind,1747,UKIP,2452,G
Stroud,12291,C,752,L,1100,LD,230,Ind,2831,UKIP,2951,G
Taunton Deane,1861,C,11840,L,624,LD,342,Ind,703,UKIP,2794,G
Tewkesbury,5785,C,6376,L,543,LD,743,Ind,2335,UKIP,2332,G
The Cotswolds,8836,C,9368,L,127,LD,735,Ind,759,UKIP,85,G
Thornbury and Yate,3443,C,6907,L,448,LD,370,Ind,1585,UKIP,3043,G
Tiverton and Honiton,5688,C,7182,L,921,LD,690,Ind,2418,UKIP,2102,G
Torbay,1124,C,3962,L,1036,LD,527,Ind,833,UKIP,124,G
Torridge and West Devon,6711,C,8233,L,1588,LD,415,Ind,310,UKIP,367,G
Totnes,4995,C,4652,L,1476,LD,400,Ind,3189,UKIP,763,G
Truro and Falmouth,10706,C,10388,L,2910,LD,480,Ind,3150,UKIP,910,G
Wells,9895,C,5115,L,2586,LD,908,Ind,2117,UKIP,1082,G
West Dorset,7510,C,5272,L,2745,LD,627,Ind,468,UKIP,2277,G
Weston-Super-Mare,11320,C,8543,L,2990,LD,832,Ind,493,UKIP,992,G
Yeovil,1419,C,5131,L,1932,LD,910,Ind,716,UKIP,1660,G
Aberavon,14142,C,11160,L,1597,LD,655,Ind,1514,UKIP,2437,G
Aberconwy,14827,C,7397,L,279,LD,494,Ind,1067,UKIP,3145,G
Alyn and Deeside,14943,C,10648,L,1618,LD,275,Ind,2039,UKIP,1494,G
Arfon,2681,C,12261,L,1740,LD,842,Ind,807,UKIP,2142,G
Blaenau Gwent,350,C,10673,L,1431,LD,446,Ind,1714,UKIP,2811,G
Brecon and Radnorshire,6047,C,508,L,1126,LD,613,Ind,251,UKIP,739,G
Bridgend,7510,C,12773,L,1384,LD,121,Ind,2463,UKIP,1771,G
Caerphilly,4673,C,5792,L,1480,LD,456,Ind,1560,UKIP,2151,G
Cardiff Central,9141,C,4658,L,2627,LD,773,Ind,1648,UKIP,3409,G
Cardiff North,3512,C,11627,L,1067,LD,222,Ind,433,UKIP,3032,G
Cardiff South and Penarth,13818,C,10910,L,9,LD,124,Ind,2661,UKIP,1644,G
Cardiff West,13001,C,982,L,1038,LD,170,Ind,2386,UKIP,2291,G
Carmarthen East and Dinefwr,11531,C,11459,L,1460,LD,260,Ind,3088,UKIP,761,G
Carmarthen West and South Pembrokeshire,13348,C,9938,L,1057,LD,525,Ind,1157,UKIP,3275,G
Ceredigion,7741,C,9410,L,2266,LD,498,Ind,2847,UKIP,3426,G
Clwyd South,4468,C,6233,L,123,LD,134,Ind,2061,UKIP,1509,G
Clwyd West,12102,C,7656,L,1862,LD,363,Ind,1660,UKIP,3114,G
Cynon Valley,10198,C,8388,L,2330,LD,190,Ind,3145,UKIP,348,G
Delyn,537,C,4518,L,1288,LD,16,Ind,2619,UKIP,1684,G
Dwyfor Meirionnydd,10493,C,7776,L,2338,LD,349,Ind,2310,UKIP,2176,G
Gower,9119,C,5888,L,388,LD,296,Ind,2771,UKIP,3041,G
Islwyn,5911,C,10143,L,1706,LD,59,Ind,2053,UKIP,1787,G
Llanelli,9291,C,11912,L,2743,LD,800,Ind,3203,UKIP,1294,G
Merthyr Tydfil and Rhymney,5651,C,1123,L,1388,LD,812,Ind,2702,UKIP,874,G
Monmouth,14977,C,9456,L,779,LD,688,Ind,1260,UKIP,3392,G
Montgomeryshire,862,C,4702,L,293,LD,738,Ind,2438,UKIP,3430,G
Neath,3413,C,11130,L,2449,LD,857,Ind,718,UKIP,2084,G
Newport East,8560,C,6665,L,2446,LD,691,Ind,1470,UKIP,2299,G
Newport West,2450,C,12957,L,853,LD,214,Ind,674,UKIP,797,G
Ogmore,9746,C,4648,L,1525,LD,293,Ind,3307,UKIP,796,G
Pontypridd,9153,C,12853,L,126,LD,40,Ind,2609,UKIP,522,G
Preseli Pembrokeshire,12460,C,776,L,2345,LD,463,Ind,2929,UKIP,1578,G
Rhondda,1364,C,12223,L,442,LD,458,Ind,2341,UKIP,2104,G
Swansea East,2338,C,2174,L,2727,LD,399,Ind,3386,UKIP,513,G
Swansea West,13316,C,1500,L,773,LD,39,Ind,2309,UKIP,3334,G
Torfaen,11518,C,11019,L,756,LD,205,Ind,2,UKIP,299,G
Vale Of Clwyd,9973,C,5546,L,2921,LD,63,Ind,2491,UKIP,802,G
Vale Of Glamorgan,11415,C,1172,L,2124,LD,716,Ind,348,UKIP,2553,G
Wrexham,11927,C,444,L,1861,LD,186,Ind,1617,UKIP,83,G
Ynys Mon,10268,C,12022,L,987,LD,3,Ind,285,UKIP,3038,G
Aldridge-Brownhills,2114,C,3116,L,685,LD,426,Ind,257,UKIP,3311,G
Birmingham\, Edgbaston,12407,C,10649,L,2423,LD,922,Ind,3437,UKIP,1547,G
Birmingham\, Erdington,8382,C,12417,L,1964,LD,226,Ind,148,UKIP,1543,G
Birmingham\, Hall Green,10846,C,8996,L,691,LD,203,Ind,1156,UKIP,1,G
Birmingham\, Hodge Hill,12578,C,10059,L,442,LD,507,Ind,391,UKIP,2189,G
Birmingham\, Ladywood,8700,C,5119,L,2442,LD,282,Ind,235,UKIP,1410,G
Birmingham\, Northfield,3204,C,378,L,1685,LD,304,Ind,2438,UKIP,2481,G
Birmingham\, Perry Barr,607,C,4883,L,2732,LD,905,Ind,481,UKIP,754,G
Birmingham\, Selly Oak,7555,C,1896,L,1729,LD,943,Ind,758,UKIP,313,G
Birmingham\, Yardley,7956,C,12727,L,1877,LD,849,Ind,580,UKIP,1492,G
Bromsgrove,11838,C,11835,L,11,LD,562,Ind,1827,UKIP,571,G
Burton,2144,C,5951,L,548,LD,41,Ind,2945,UKIP,1471,G
Cannock Chase,10259,C,706,L,820,LD,9,Ind,462,UKIP,1984,G
Coventry North East,13576,C,12297,L,1604,LD,762,Ind,2561,UKIP,2060,G
Coventry North West,8338,C,355,L,579,LD,148,Ind,2629,UKIP,532,G
Coventry South,5489,C,5275,L,792,LD,782,Ind,3267,UKIP,2090,G
Dudley North,7087,C,3350,L,855,LD,21,Ind,441,UKIP,456,G
Dudley South,5876,C,9924,L,1529,LD,568,Ind,177,UKIP,14,G
Halesowen and Rowley Regis,5410,C,11632,L,1592,LD,754,Ind,1169,UKIP,2413,G
Hereford and South Herefordshire,244,C,11687,L,2465,LD,403,Ind,2050,UKIP,1589,G
Kenilworth and Southam,2366,C,8709,L,2155,LD,223,Ind,1576,UKIP,28,G
Lichfield,4318,C,6698,L,278,LD,950,Ind,1987,UKIP,2104,G
Ludlow,8113,C,7525,L,378,LD,141,Ind,2591,UKIP,438,G
Meriden,6702,C,1915,L,947,LD,915,Ind,316,UKIP,755,G
Mid Worcestershire,10027,C,9631,L,1153,LD,705,Ind,1163,UKIP,333,G
Newcastle-Under-Lyme,13159,C,7494,L,1014,LD,718,Ind,2442,UKIP,1098,G
North Herefordshire,9611,C,6058,L,828,LD,491,Ind,1519,UKIP,595,G
North Shropshire,13015,C,9959,L,1493,LD,283,Ind,1696,UKIP,934,G
North Warwickshire,13384,C,7144,L,1987,LD,572,Ind,1351,UKIP,1710,G
Nuneaton,9340,C,10926,L,2530,LD,663,Ind,1615,UKIP,2241,G
Redditch,3114,C,6157,L,1649,LD,905,Ind,608,UKIP,383,G
Rugby,3895,C,1689,L,2292,LD,663,Ind,3456,UKIP,3012,G
Shrewsbury and Atcham,11969,C,7447,L,23,LD,774,Ind,241,UKIP,3017,G
Solihull,14242,C,12207,L,2405,LD,580,Ind,913,UKIP,1508,G
South Staffordshire,10782,C,5180,L,955,LD,302,Ind,1978,UKIP,1264,G
Stafford,199,C,11930,L,1358,LD,747,Ind,428,UKIP,1544,G
Staffordshire Moorlands,4572,C,5014,L,666,LD,481,Ind,1068,UKIP,3163,G
Stoke-On-Trent Central,7941,C,7180,L,1240,LD,795,Ind,3360,UKIP,3289,G
Stoke-On-Trent North,4144,C,5685,L,2069,LD,557,Ind,3446,UKIP,2055,G
Stoke-On-Trent South,4957,C,100,L,1938,LD,434,Ind,325,UKIP,57,G
Stone,12209,C,7455,L,139,LD,499,Ind,1750,UKIP,1303,G
Stourbridge,12915,C,1512,L,1950,LD,773,Ind,1665,UKIP,1745,G
Stratford-On-Avon,9,C,6358,L,2678,LD,567,Ind,1001,UKIP,2455,G
Sutton Coldfield,3183,C,4029,L,908,LD,98,Ind,380,UKIP,3142,G
Tamworth,893,C,11485,L,2098,LD,376,Ind,301,UKIP,409,G
Telford,7904,C,11186,L,1883,LD,947,Ind,1531,UKIP,1216,G
The Wrekin,6468,C,6988,L,859,LD,551,Ind,1802,UKIP,1174,G
Walsall North,662,C,12074,L,80,LD,353,Ind,2433,UKIP,2950,G
Walsall South,14732,C,2740,L,1034,LD,68,Ind,2996,UKIP,1624,G
Warley,12532,C,5410,L,41,LD,258,Ind,445,UKIP,2681,G
Warwick and Leamington,5308,C,9335,L,53,LD,547,Ind,2572,UKIP,2279,G
West Bromwich East,2844,C,9325,L,987,LD,288,Ind,3278,UKIP,1559,G
West Bromwich West,9871,C,12313,L,1705,LD,481,Ind,1339,UKIP,706,G
West Worcestershire,3261,C,4806,L,181,LD,114,Ind,3273,UKIP,1124,G
Wolverhampton North East,4530,C,278,L,2657,LD,747,Ind,2912,UKIP,1993,G
Wolverhampton South East,358,C,12306,L,35,LD,669,Ind,1773,UKIP,3463,G
Wolverhampton South West,142,C,3173,L,1178,LD,33,Ind,2653,UKIP,635,G
Worcester,1659,C,11215,L,1231,LD,235,Ind,2169,UKIP,2995,G
Wyre Forest,1775,C,690,L,2705,LD,283,Ind,751,UKIP,2975,G
Barnsley Central,565,C,3428,L,2592,LD,706,Ind,2815,UKIP,3311,G
Barnsley East,7623,C,2462,L,1281,LD,839,Ind,2772,UKIP,2612,G
Batley and Spen,1943,C,9848,L,2954,LD,222,Ind,1748,UKIP,75,G
Beverley and Holderness,14381,C,6542,L,2682,LD,870,Ind,2511,UKIP,505,G
Bradford East,1335,C,2533,L,2817,LD,201,Ind,2396,UKIP,1706,G
Bradford South,984,C,7090,L,2059,LD,627,Ind,1145,UKIP,670,G
Bradford West,2077,C,7564,L,1588,LD,568,Ind,1383,UKIP,61,G
Brigg and Goole,8781,C,1269,L,1911,LD,910,Ind,27,UKIP,2440,G
Calder Valley,3631,C,1977,L,2948,LD,373,Ind,2912,UKIP,1177,G
Cleethorpes,4836,C,1353,L,552,LD,547,Ind,790,UKIP,2989,G
Colne Valley,4032,C,9493,L,2577,LD,337,Ind,1349,UKIP,3392,G
Dewsbury,9319,C,8015,L,981,LD,911,Ind,1685,UKIP,468,G
Doncaster Central,11648,C,6200,L,933,LD,169,Ind,1704,UKIP,1996,G
Doncaster North,4096,C,2201,L,2470,LD,504,Ind,3018,UKIP,512,G
Don Valley,1672,C,2573,L,2415,LD,16,Ind,1369,UKIP,78,G
East Yorkshire,1562,C,8951,L,1674,LD,829,Ind,2076,UKIP,2,G
Elmet and Rothwell,13703,C,6822,L,970,LD,663,Ind,3083,UKIP,1851,G
Great Grimsby,5456,C,4041,L,2393,LD,738,Ind,34,UKIP,499,G
Halifax,13559,C,6608,L,963,LD,491,Ind,3138,UKIP,246,G
Haltemprice and Howden,11579,C,4456,L,265,LD,776,Ind,1170,UKIP,1947,G
Harrogate and Knaresborough,12131,C,7119,L,51,LD,129,Ind,7,UKIP,2674,G
Hemsworth,1884,C,12998,L,711,LD,325,Ind,1119,UKIP,889,G
Huddersfield,3027,C,6415,L,2131,LD,272,Ind,178,UKIP,3126,G
Keighley,7332,C,8636,L,391,LD,618,Ind,1117,UKIP,3023,G
Kingston upon Hull East,7774,C,4230,L,2043,LD,222,Ind,778,UKIP,722,G
Kingston upon Hull North,13560,C,11197,L,1033,LD,299,Ind,1574,UKIP,1463,G
Kingston upon Hull West and Hessle,7415,C,9589,L,2001,LD,475,Ind,405,UKIP,321,G
Leeds Central,12134,C,3780,L,163,LD,545,Ind,1106,UKIP,3382,G
Leeds East,9399,C,5340,L,719,LD,222,Ind,1020,UKIP,75,G
Leeds North East,787,C,3650,L,1130,LD,928,Ind,3370,UKIP,500,G
Leeds North West,11230,C,7377,L,820,LD,940,Ind,1357,UKIP,2735,G
Leeds West,10855,C,2043,L,1777,LD,802,Ind,381,UKIP,2832,G
Morley and Outwood,4223,C,4829,L,369,LD,341,Ind,2938,UKIP,143,G
Normanton\, Pontefract and Castleford,1993,C,9417,L,2504,LD,461,Ind,815,UKIP,1452,G
Penistone and Stocksbridge,4412,C,5720,L,1360,LD,379,Ind,867,UKIP,778,G
Pudsey,6801,C,1719,L,320,LD,735,Ind,1422,UKIP,2394,G
Richmond (Yorks),13756,C,5739,L,137,LD,742,Ind,160,UKIP,2889,G
Rotherham,14360,C,12518,L,2365,LD,430,Ind,1715,UKIP,3303,G
Rother Valley,12893,C,8970,L,2672,LD,19,Ind,294,UKIP,691,G
Scarborough and Whitby,1286,C,6782,L,2232,LD,996,Ind,632,UKIP,1094,G
Scunthorpe,5310,C,987,L,2445,LD,333,Ind,113,UKIP,2011,G
Selby and Ainsty,14929,C,851,L,396,LD,246,Ind,601,UKIP,2861,G
Sheffield\, Brightside and Hillsborough,4596,C,6132,L,2113,LD,363,Ind,3388,UKIP,930,G
Sheffield Central,6101,C,9820,L,2092,LD,944,Ind,1787,UKIP,1368,G
Sheffield\, Hallam,8788,C,4277,L,2281,LD,211,Ind,1028,UKIP,229,G
Sheffield\, Heeley,531,C,1835,L,1618,LD,127,Ind,2035,UKIP,3314,G
Sheffield South East,6636,C,5634,L,1685,LD,852,Ind,1962,UKIP,1898,G
Shipley,12799,C,11063,L,1743,LD,448,Ind,1553,UKIP,3295,G
Skipton and Ripon,6570,C,1262,L,163,LD,209,Ind,2716,UKIP,454,G
Thirsk and Malton,9050,C,11801,L,1119,LD,319,Ind,2364,UKIP,1809,G
Wakefield,7331,C,10479,L,2451,LD,91,Ind,297,UKIP,420,G
Wentworth and Dearne,14933,C,10831,L,1156,LD,843,Ind,2904,UKIP,246,G
York Central,1387,C,588,L,2905,LD,950,Ind,1011,UKIP,2693,G
York Outer,5447,C,10138,L,819,LD,749,Ind,1583,UKIP,2421,G